model,accuracy,roc_auc
LogisticRegression,0.7518,0.5070192537105146
XGBClassifier,0.52695,0.4928016301033309
